<?xml version="1.0"?>
<extension key="com.greenleafadvancement.recurringcontributiondefault" type="module">
  <downloadUrl></downloadUrl>
  <file>recurringcontribution_defaultsetting</file>
  <name>Recurring Contribution Default Setting</name>
  <description>Adds ability to enable or disable Recurring Contribution checkbox by default on public contribution pages</description>
  <urls>
	<url desc="Main Extension Page">http://github.com/greenleafadvancement/com.greenleafadvancement.recurringcontributiondefault</url>
    <url desc="Documentation">http://github.com/greenleafadvancement/com.greenleafadvancement.recurringcontributiondefault</url>
    <url desc="Support">http://github.com/greenleafadvancement/com.greenleafadvancement.recurringcontributiondefault/issues</url>
    <url desc="Licensing">http://civicrm.org/licensing</url>
  </urls>
  <license>AGPL</license>
  <maintainer>
    <author>Greenleaf Advancement (http://greenleafadvancement.com)</author>
    <email>extensions@greenleafadvancement.com</email>
    <company>Greenleaf Advancement</company>
  </maintainer>
  <releaseDate>2017-01-14</releaseDate>
  <version>1.1</version>
  <develStage>stable</develStage>
  <compatibility>
    <ver>4.6, 4.7</ver>
  </compatibility>
  <comments>This extension was designed and sponsored by Greenleaf Advancement in conjunction with Adaptive IT (http://www.adaptiveitsystems.com)</comments>
</extension>
